,Vehicle 1,Vehicle 2,seed,platoon
0,-35.43418,-32.653538,1,1
1,-48.5275,-8.936965,1,1
0,-19.836262,-39.40953,1,2
1,-54.171375,-19.778858,1,2
