,Vehicle 1,Vehicle 2,seed,platoon
0,-1.4232953,-6.883091,2,1
1,-13.0869,-6.4318876,2,1
0,-12.4450035,-14.10876,2,2
1,-8.535234,-16.419542,2,2
